trim,voltage_mean_v
0,-0.0053275204
1,0.14388026
2,0.14408182
3,0.1442609
4,0.14453822
5,0.14470846
6,0.14493234
7,0.14505118
8,0.1451269
